frame_number,track_id,car_bbox,car_bbox_score,license_plate_bbox,license_plate_bbox_score,license_plate_number,license_text_score
2,1.0,[266.1128234863281 183.68692016601562 586.454345703125 355.89544677734375],0.9023006558418274,[111.56240844726562 147.6973114013672 230.3387451171875 172.0],0.6273268461227417,CPZCRO+2},0.06097292070795769
3,1.0,[266.4076843261719 183.96817016601562 576.7885131835938 355.9290466308594],0.8986567854881287,[112.63764953613281 145.32769775390625 226.0788116455078 172.0],0.6210833787918091,[PT,0.13100796831704448
4,1.0,[266.97174072265625 184.46128845214844 575.3877563476562 356.1473083496094],0.9072275757789612,[110.46399688720703 142.5762939453125 223.09530639648438 172.0],0.7425443530082703,[PCR0+L,0.06245948378841115
5,1.0,[268.12982177734375 185.1206512451172 565.6187744140625 356.83612060546875],0.9068583250045776,[108.20606994628906 139.7659912109375 218.29151916503906 168.2477264404297],0.7392897009849548,"P"E(R,0.19641891259459157
6,1.0,[268.48175048828125 185.34747314453125 560.679931640625 357.1798400878906],0.9108118414878845,[108.89303588867188 140.38487243652344 218.04818725585938 168.025146484375],0.7339280247688293,P?,0.173252997627766
13,1.0,[272.51385498046875 186.77249145507812 549.1715698242188 357.2261962890625],0.9327620267868042,[95.36570739746094 121.08116912841797 197.53797912597656 144.69259643554688],0.6467821598052979,K01S,0.15815287828445435
